{
  "name": "fullcalendar",
  "title": "FullCalendar",
  "description": "Full-sized drag & drop event calendar",
  "keywords": [
    "calendar",
    "event",
    "full-sized",
    "jquery-plugin"
  ],
  "homepage": "https://fullcalendar.io/",
  "bugs": "https://fullcalendar.io/wiki/Reporting-Bugs/",
  "repository": {
    "type": "git",
    "url": "https://github.com/fullcalendar/fullcalendar.git"
  },
  "license": "MIT",
  "author": {
    "name": "Adam Shaw",
    "email": "arshaw@arshaw.com",
    "url": "http://arshaw.com/"
  },
  "copyright": "2017 Adam Shaw",
  "dependencies": {
    "jquery": "2 - 3",
    "moment": "^2.9.0"
  },
  "main": [
    "dist/fullcalendar.js",
    "dist/fullcalendar.css"
  ],
  "ignore": [
    "*",
    "**/.*",
    "!/dist/**",
    "!/README.*",
    "!/LICENSE.*",
    "!/CHANGELOG.*",
    "!/CONTRIBUTING.*"
  ],
  "version": "3.5.0",
  "_release": "3.5.0",
  "_resolution": {
    "type": "version",
    "tag": "v3.5.0",
    "commit": "beda9550d35d956d0c96e93f41a6e681b8d8afbf"
  },
  "_source": "https://github.com/fullcalendar/fullcalendar.git",
  "_target": "^3.5.0",
  "_originalSource": "fullcalendar",
  "_direct": true
}